City_ID,City,Lat,Lng,Max Temp,Humidity,Cloudiness,Wind Speed,Country,Date
0,san-pedro,4.7485,-6.6363,27.450000000000045,80,97,4.69,CI,1682106635
1,margaret river,-33.95,115.0667,13.580000000000041,92,11,4.02,AU,1682106636
2,ar rumaythah,31.5263,45.2025,25.83000000000004,35,11,5.41,IQ,1682106637
3,pandan,14.0453,124.1694,25.650000000000034,85,94,2.46,PH,1682106637
4,mana,5.6592,-53.7767,26.02000000000004,88,100,3.69,GF,1682106638
5,dunedin,-45.8742,170.5036,11.560000000000002,10,86,2.38,NZ,1682106342
6,margate,51.3813,1.3862,8.28000000000003,87,91,0.45,GB,1682106445
7,lichtenburg,-26.152,26.1597,14.660000000000025,47,35,2.2,ZA,1682106536
8,bredasdorp,-34.5322,20.0403,11.900000000000034,65,100,0.49,ZA,1682106640
9,hamilton,39.1834,-84.5333,18.82000000000005,88,75,6.69,US,1682106469
10,adamstown,-25.066,-130.1015,24.80000000000001,79,100,8.57,PN,1682106640
11,port-aux-francais,-49.35,70.2167,4.860000000000014,64,78,7.05,TF,1682106641
12,edinburgh of the seven seas,-37.0676,-12.3116,19.430000000000007,89,100,14.12,SH,1682106642
13,urucara,-2.5364,-57.76,30.410000000000025,68,93,1.54,BR,1682106642
14,udachny,66.4167,112.4,-16.609999999999957,100,100,1.75,RU,1682106643
15,les anglais,18.3054,-74.2197,26.689999999999998,69,28,1.72,HT,1682106643
16,happy valley-goose bay,53.3168,-60.3315,4.170000000000016,60,20,6.69,CA,1682106644
17,alice springs,-23.7,133.8833,8.75,87,14,0.0,AU,1682106644
18,waitangi,-43.9535,-176.5597,16.57000000000005,93,100,2.68,NZ,1682106645
19,alesund,62.4723,6.1549,11.060000000000002,77,0,5.14,NO,1682106645
20,tazovsky,67.4667,78.7,-0.7399999999999523,94,100,4.37,RU,1682106646
21,puerto natales,-51.7236,-72.4875,9.25,43,20,8.23,CL,1682106646
22,selfoss,63.9331,-20.9971,8.25,59,17,5.92,IS,1682106647
23,saldanha,-33.0117,17.9442,11.03000000000003,61,100,4.14,ZA,1682106647
24,saint-joseph,-21.3667,55.6167,25.210000000000036,79,23,3.2,RE,1682106647
25,bilibino,68.0546,166.4372,-6.42999999999995,71,11,1.02,RU,1682106387
26,grytviken,-54.2811,-36.5092,2.1000000000000227,63,100,2.74,GS,1682106388
27,tocache,-8.1842,-76.5125,24.600000000000023,90,100,1.48,PE,1682106649
28,weno,7.4515,151.8468,25.970000000000027,94,75,1.54,FM,1682106650
29,natal,-5.795,-35.2094,29.360000000000014,65,20,6.69,BR,1682106467
30,al khums,32.6486,14.2619,17.660000000000025,88,8,6.24,LY,1682106651
31,new plymouth,-39.0667,174.0833,19.200000000000045,1,100,7.64,NZ,1682106457
32,zeya,53.75,127.2667,-2.2199999999999704,60,100,3.62,RU,1682106651
33,viedma,-40.8135,-62.9967,19.960000000000036,35,88,6.52,AR,1682106626
34,el tocuyo,9.7873,-69.7937,26.03000000000003,72,100,0.96,VE,1682106652
35,tiksi,71.6872,128.8694,-19.67999999999998,100,93,1.15,RU,1682106653
36,klintsy,52.7602,32.2393,8.480000000000018,68,66,3.92,RU,1682106653
37,stanley,54.868,-1.6985,8.07000000000005,86,0,4.12,GB,1682106654
38,ilulissat,69.2167,-51.1,-0.9899999999999523,80,75,2.57,GL,1682106654
39,qaqortoq,60.7167,-46.0333,5.6299999999999955,71,100,2.01,GL,1682106655
40,lompoc,34.6391,-120.4579,29.450000000000045,49,0,6.69,US,1682106450
41,sitka,57.0531,-135.33,11.939999999999998,47,100,3.09,US,1682106656
42,port mathurin,-19.6833,63.4167,26.05000000000001,79,12,7.4,MU,1682106656
43,aripuana,-9.1667,-60.6333,28.120000000000005,89,97,0.61,BR,1682106645
44,ushuaia,-54.8,-68.3,7.7900000000000205,70,40,14.4,AR,1682106406
45,anadyr,64.75,177.4833,-9.71999999999997,92,0,2.0,RU,1682106657
46,bamboo flat,11.7,92.7167,28.0,71,22,4.07,IN,1682106658
47,kodiak,57.79,-152.4072,9.730000000000018,40,0,3.6,US,1682106658
48,lerwick,60.1545,-1.1494,6.0,86,9,2.17,GB,1682106659
49,yellowknife,62.456,-114.3525,3.2900000000000205,60,75,5.66,CA,1682106659
50,avarua,-21.2078,-159.775,26.03000000000003,78,19,4.12,CK,1682106660
51,blackmans bay,-43.0167,147.3167,14.07000000000005,84,95,2.32,AU,1682106661
52,constantia,44.1833,28.65,7.610000000000014,84,17,5.36,RO,1682106661
53,praia da vitoria,38.7333,-27.0667,17.140000000000043,88,40,8.66,PT,1682106662
54,iqaluit,63.7506,-68.5145,-2.1499999999999773,92,100,4.12,CA,1682106663
55,invercargill,-46.4,168.35,11.680000000000007,82,90,0.89,NZ,1682106664
56,kourou,5.1552,-52.6478,28.03000000000003,93,100,3.44,GF,1682106664
57,vilyuchinsk,52.9306,158.4028,3.150000000000034,97,100,14.31,RU,1682106665
58,chonchi,-42.6128,-73.8092,14.510000000000048,79,76,0.73,CL,1682106665
59,afaahiti,-17.75,-149.2833,28.930000000000007,82,96,7.7,PF,1682106666
60,hastings,50.8552,0.5729,9.32000000000005,45,21,1.79,GB,1682106667
61,maintirano,-18.0667,44.0167,26.24000000000001,82,55,4.09,MG,1682106667
62,tucuma,-0.1833,-50.05,28.010000000000048,81,94,3.45,BR,1682106668
63,inirida,3.8653,-67.9239,27.510000000000048,88,79,2.03,CO,1682106669
64,kodinsk,58.6881,99.1844,-7.3700000000000045,96,100,1.31,RU,1682106669
65,saipan,15.1355,145.701,25.390000000000043,100,100,6.17,MP,1682106670
66,albany,42.6001,-73.9662,25.960000000000036,33,14,2.24,US,1682106670
67,dalandzadgad,43.5708,104.425,4.050000000000011,16,50,2.6,MN,1682106671
68,dudinka,69.4058,86.1778,-5.2099999999999795,86,100,6.8,RU,1682106671
69,dolores,-36.3132,-57.6792,21.230000000000018,32,100,3.71,AR,1682106672
70,hadibu,12.65,54.0333,27.970000000000027,71,72,4.17,YE,1682106673
71,lihue,21.9789,-159.3672,25.58000000000004,85,75,5.66,US,1682106673
72,gazojak,41.1875,61.4036,18.0,16,6,6.55,TM,1682106674
73,mejit,10.2753,170.8646,26.879999999999995,72,99,6.79,MH,1682106674
74,agadez,19.75,10.25,29.390000000000043,10,7,1.22,NE,1682106675
75,san patricio,28.017,-97.5169,26.02000000000004,63,50,8.99,US,1682106675
76,susuman,62.7833,148.1667,-12.769999999999982,97,96,1.74,RU,1682106676
77,socorro,31.6546,-106.3033,23.370000000000005,7,20,3.09,US,1682106676
78,trondheim,63.4305,10.3951,10.03000000000003,70,2,0.45,NO,1682106677
79,homer,59.6425,-151.5483,10.430000000000007,54,0,1.54,US,1682106450
80,vernon,50.2581,-119.2691,12.28000000000003,56,96,1.79,CA,1682106593
81,fortaleza,-3.7227,-38.5247,30.07000000000005,66,20,7.2,BR,1682106404
82,mount gambier,-37.8333,140.7667,11.740000000000009,91,64,2.21,AU,1682106679
83,muravlenko,63.7898,74.523,0.07000000000005002,93,100,3.07,RU,1682106680
84,isafjordur,66.0755,-23.124,-0.12000000000000455,69,43,3.34,IS,1682106681
85,whitehorse,60.7161,-135.0538,5.430000000000007,48,75,0.0,CA,1682106681
86,bethel,41.3712,-73.414,23.350000000000023,48,0,5.66,US,1682106520
87,sisimiut,66.9395,-53.6735,1.1000000000000227,76,100,0.68,GL,1682106682
88,east london,-33.0153,27.9116,16.77000000000004,73,97,1.05,ZA,1682106683
89,champerico,14.3,-91.9167,34.30000000000001,61,97,6.65,GT,1682106683
90,ribeira grande,38.5167,-28.7,17.220000000000027,88,20,9.77,PT,1682106684
91,negombo,7.2083,79.8358,27.03000000000003,83,20,1.03,LK,1682106685
92,papatowai,-46.5619,169.4708,11.03000000000003,87,87,2.88,NZ,1682106685
93,kristiansund,63.1115,7.732,10.03000000000003,66,0,1.54,NO,1682106686
94,mar del plata,-38.0023,-57.5575,20.010000000000048,54,0,8.23,AR,1682106557
95,elwood,-37.8817,144.983,16.07000000000005,88,90,0.89,AU,1682106686
96,windhoek,-22.5594,17.0832,19.110000000000014,51,100,1.54,NA,1682106687
97,west island,-12.1568,96.8225,26.99000000000001,78,75,7.72,CC,1682106688
98,narrabri,-30.3167,149.7833,10.850000000000023,87,0,1.34,AU,1682106688
99,noumea,-22.2763,166.4572,25.560000000000002,99,10,2.35,NC,1682106689
100,haiku-pauwela,20.9219,-156.3051,27.870000000000005,68,20,3.6,US,1682106690
101,longyearbyen,78.2186,15.6401,-14.089999999999975,56,20,8.23,SJ,1682106506
102,wailua homesteads,22.0669,-159.378,25.24000000000001,88,75,5.66,US,1682106691
103,popondetta,-8.7537,148.2534,22.379999999999995,97,99,1.16,PG,1682106692
104,belmonte,-15.8631,-38.8828,24.439999999999998,90,97,3.59,BR,1682106692
105,thompson,55.7435,-97.8558,2.090000000000032,41,0,5.66,CA,1682106693
106,valle aurina - ahrntal,46.9962,11.9799,6.810000000000002,95,100,1.83,IT,1682106693
107,port saint john's,-31.6229,29.5448,17.08000000000004,64,24,1.36,ZA,1682106694
108,lebu,-37.6167,-73.65,15.210000000000036,79,46,4.95,CL,1682106695
109,filadelfia,39.9523,-75.1638,30.110000000000014,46,20,2.57,US,1682106519
110,selkirk,50.1436,-96.8845,4.080000000000041,82,100,9.32,CA,1682106396
111,al khawr,25.7667,51.3167,25.480000000000018,43,3,0.97,QA,1682106696
112,neiafu,-18.65,-173.9833,26.379999999999995,78,20,4.63,TO,1682106696
113,kanniyakumari,8.0833,77.5667,27.99000000000001,83,59,6.16,IN,1682106697
114,harpswell center,43.8018,-69.9842,13.910000000000025,61,60,2.68,US,1682106698
115,forde,61.4522,5.8572,12.410000000000025,58,0,2.06,NO,1682106699
116,juneau,58.3019,-134.4197,11.0,77,75,3.09,US,1682106699
117,kailua-kona,19.6406,-155.9956,27.930000000000007,77,20,3.6,US,1682106700
118,utrik,11.2278,169.8474,26.810000000000002,71,99,7.62,MH,1682106701
119,tambura,5.6,27.4667,25.390000000000043,55,100,2.71,SS,1682106701
120,vila velha,-20.3297,-40.2925,23.970000000000027,77,75,5.14,BR,1682106702
121,sola,-13.8833,167.55,28.180000000000007,74,95,7.11,VU,1682106703
122,aleksandrovsk-sakhalinskiy,50.8975,142.1561,-0.5199999999999818,96,100,7.18,RU,1682106703
123,yeppoon,-23.1333,150.7333,18.879999999999995,77,63,6.71,AU,1682106704
124,greenville,35.6127,-77.3663,29.090000000000032,35,40,4.63,US,1682106632
125,ciudad bolivar,8.1222,-63.5497,33.19,46,100,4.87,VE,1682106705
126,ghat,24.9647,10.1728,29.629999999999995,10,92,5.94,LY,1682106706
127,rio grande,-32.035,-52.0986,24.060000000000002,65,100,5.7,BR,1682106706
128,hagere hiywet,8.9833,37.85,16.55000000000001,82,99,2.65,ET,1682106707
129,sur,22.5667,59.5289,28.150000000000034,60,15,4.38,OM,1682106708
130,mokhsogollokh,61.4681,128.9203,-14.129999999999995,100,84,1.62,RU,1682106708
131,binzhou,37.3667,118.0167,7.220000000000027,78,100,5.15,CN,1682106711
132,igrim,63.1906,64.4162,0.8100000000000023,93,100,2.81,RU,1682106712
133,hermanus,-34.4187,19.2345,9.330000000000041,64,100,3.14,ZA,1682106713
134,san angelo,31.4638,-100.437,25.5,24,0,4.47,US,1682106530
135,illizi,26.4833,8.4667,27.25,13,0,3.23,DZ,1682106714
136,howrah,22.5892,88.3103,29.0,51,40,0.0,IN,1682106714
137,lepsy,46.235,78.9456,4.810000000000002,57,4,2.76,KZ,1682106715
138,punta arenas,-53.15,-70.9167,8.060000000000002,57,0,11.32,CL,1682106715
139,nova vicosa,-17.8919,-39.3719,24.29000000000002,85,100,7.35,BR,1682106716
140,nova sintra,14.8667,-24.7167,19.78000000000003,76,5,8.17,CV,1682106716
141,olonkinbyen,70.9221,-8.7187,-4.229999999999961,62,68,5.6,SJ,1682106717
142,konarka,19.9,86.1167,28.220000000000027,67,83,2.81,IN,1682106718
143,san antonio de pale,-1.4014,5.6325,27.33000000000004,73,100,4.23,GQ,1682106719
144,puerto ayora,-0.7393,-90.3518,26.420000000000016,93,85,4.02,EC,1682106719
145,atlantic,39.4668,-74.6663,31.25,57,0,4.12,US,1682106720
146,selenice,40.5306,19.6358,12.580000000000041,82,1,0.98,AL,1682106721
147,saint-philippe,-21.3585,55.7679,25.77000000000004,82,42,4.78,RE,1682106721
148,ta`u,-14.2336,-169.5144,27.450000000000045,77,100,2.89,AS,1682106722
149,vaniyambadi,12.6833,78.6167,27.110000000000014,62,53,1.02,IN,1682106723
150,nacozari de garcia,30.3742,-109.6908,28.32000000000005,8,0,0.96,MX,1682106723
151,manggar,-2.8833,108.2667,27.430000000000007,80,60,2.13,ID,1682106724
152,limavady,55.0504,-6.9507,12.870000000000005,62,0,7.72,GB,1682106725
153,dakhla,23.6848,-15.958,21.010000000000048,68,16,6.17,EH,1682106725
154,isla vista,34.4133,-119.861,30.720000000000027,28,0,4.12,US,1682106727
155,thunder bay,48.4001,-89.3168,3.990000000000009,81,100,4.63,CA,1682106531
156,kem',64.9555,34.5793,1.0900000000000318,99,100,3.36,RU,1682106728
157,hawaiian paradise park,19.5933,-154.9731,23.910000000000025,97,100,5.14,US,1682106728
158,shache,38.4167,77.2406,10.210000000000036,52,81,2.13,CN,1682106729
159,pecos,31.4229,-103.4932,22.910000000000025,8,0,0.0,US,1682106730
160,verkh-chebula,56.0308,87.6218,-1.2399999999999523,86,27,3.82,RU,1682106730
161,ilanskiy,56.2358,96.065,-1.8599999999999568,95,100,3.09,RU,1682106731
162,shchyolkino,45.4291,35.8223,10.28000000000003,91,98,6.02,UA,1682106732
163,angra do heroismo,38.65,-27.2167,17.340000000000032,88,40,8.62,PT,1682106733
164,antofagasta,-23.65,-70.4,20.600000000000023,74,90,4.35,CL,1682106498
165,remire-montjoly,4.9167,-52.2667,28.02000000000004,78,75,3.09,GF,1682106734
166,hammerfest,70.6634,23.6821,-1.75,64,75,8.23,NO,1682106735
167,qulsary,46.9531,54.0198,17.900000000000034,20,31,13.88,KZ,1682106736
168,keflavik,64.0049,-22.5624,8.950000000000045,75,20,9.77,IS,1682106736
169,nizhny tagil,57.9194,59.965,3.890000000000043,91,48,1.72,RU,1682106624
170,amga,60.8953,131.9608,-13.699999999999989,100,99,1.05,RU,1682106738
171,ancud,-41.8697,-73.8203,13.54000000000002,78,9,2.94,CL,1682106739
172,saint-pierre,-21.3393,55.4781,25.82000000000005,73,0,2.57,RE,1682106740
173,vorkuta,67.5,64.0,-5.839999999999975,97,96,2.99,RU,1682106741
174,cole harbour,44.6724,-63.4751,10.980000000000018,60,75,6.71,CA,1682106741
175,fisterra,42.9049,-9.2629,13.189999999999998,78,0,5.81,ES,1682106742
176,walvis bay,-22.9575,14.5053,16.53000000000003,82,100,1.54,NA,1682106744
177,la'ie,21.6477,-157.9253,28.010000000000048,72,0,3.84,US,1682106746
178,port elizabeth,-33.918,25.5701,15.730000000000018,84,20,2.57,ZA,1682106747
179,namtsy,62.7161,129.6658,-9.169999999999959,97,94,1.83,RU,1682106748
180,bulgan,48.8125,103.5347,-4.939999999999998,47,50,0.9,MN,1682106749
181,sheregesh,52.9209,87.9869,-7.1200000000000045,95,15,1.21,RU,1682106749
182,tolanaro,-25.0319,46.9987,23.04000000000002,88,20,1.03,MG,1682106750
183,chibougamau,49.9168,-74.3659,3.7900000000000205,52,100,3.6,CA,1682106751
184,antonio enes,-16.2325,39.9086,25.210000000000036,81,30,2.57,MZ,1682106751
185,murun-kuren,49.6342,100.1625,-3.5499999999999545,37,100,1.74,MN,1682106752
186,petropavlovsk-kamchatsky,53.0452,158.6483,2.330000000000041,70,75,9.0,RU,1682106753
187,ivanava,52.1451,25.5365,10.439999999999998,67,72,3.23,BY,1682106754
188,masuda,34.6667,131.85,10.050000000000011,57,0,7.44,JP,1682106754
189,st. john's,47.5649,-52.7093,3.2100000000000364,95,100,11.32,CA,1682106624
190,nago,26.5881,127.9761,21.24000000000001,87,92,7.57,JP,1682106755
191,tuusula,60.4037,25.0264,10.970000000000027,66,0,1.03,FI,1682106756
192,okha,53.5739,142.9478,-1.1200000000000045,93,100,6.55,RU,1682106756
193,aasiaat,68.7098,-52.8699,-0.6499999999999773,75,100,1.24,GL,1682106757
194,warrnambool,-38.3833,142.4833,14.629999999999995,75,100,2.97,AU,1682106678
195,caleta de carquin,-11.0925,-77.6267,25.450000000000045,73,48,5.08,PE,1682106758
196,vorgashor,67.5833,63.95,-6.639999999999986,98,95,2.83,RU,1682106758
197,abashiri,44.0213,144.2697,4.410000000000025,71,47,7.99,JP,1682106759
198,westport,41.1415,-73.3579,22.010000000000048,59,28,3.58,US,1682106759
199,sao felix do xingu,-6.6447,-51.995,27.24000000000001,90,89,0.98,BR,1682106760
200,gisborne,-38.6533,178.0042,17.0,84,48,2.23,NZ,1682106461
201,"laikit, laikit ii (dimembe)",1.4792,124.9735,22.470000000000027,94,40,1.03,ID,1682106760
202,kingscliff,-28.2667,153.5667,19.29000000000002,88,75,5.66,AU,1682106761
203,aginskoye,51.1,114.53,-7.029999999999973,38,3,2.1,RU,1682106761
204,mccomb,31.2438,-90.4531,23.900000000000034,68,40,4.63,US,1682106762
205,talnakh,69.4865,88.3972,-5.439999999999998,85,97,4.11,RU,1682106762
206,ceylanpinar,36.8472,40.05,15.350000000000023,53,1,2.69,TR,1682106763
207,pikeville,37.4793,-82.5188,29.620000000000005,27,0,2.57,US,1682106506
208,eldorado,-23.7869,-54.2836,19.939999999999998,69,0,3.79,BR,1682106764
209,georgetown,5.4112,100.3354,27.960000000000036,89,20,1.03,MY,1682106514
210,visby,57.6409,18.296,5.590000000000032,70,78,1.54,SE,1682106765
211,pangody,65.85,74.4859,-0.6999999999999886,99,100,3.05,RU,1682106765
212,hatsukaichi,34.35,132.3333,12.970000000000027,64,0,3.72,JP,1682106765
213,kingston,17.997,-76.7936,29.58000000000004,68,20,6.69,JM,1682106766
214,hirara,24.8,125.2833,21.920000000000016,78,75,8.23,JP,1682106766
215,turpan,42.9333,89.1667,16.29000000000002,13,100,0.28,CN,1682106767
216,kattivakkam,13.2167,80.3167,31.05000000000001,89,0,4.69,IN,1682106768
217,kavaratti,10.5669,72.642,28.75,73,6,3.98,IN,1682106768
218,teopisca,16.5167,-92.4833,27.54000000000002,32,99,3.06,MX,1682106769
219,badger,64.8,-147.5333,3.7800000000000296,61,75,0.89,US,1682106769
220,puerto quijarro,-17.7833,-57.7667,30.970000000000027,32,1,0.72,BO,1682106770
221,uturoa,-16.7333,-151.4333,28.220000000000027,77,100,6.83,PF,1682106771
222,nuku'alofa,-21.1333,-175.2,23.189999999999998,88,20,2.57,TO,1682106771
223,mahina,-17.5065,-149.489,29.870000000000005,74,75,3.09,PF,1682106771
224,aldama,22.9167,-98.0667,29.890000000000043,52,72,5.67,MX,1682106772
225,kapa'a,22.0752,-159.319,25.99000000000001,88,75,5.66,US,1682106772
226,chandpur,29.15,78.2667,23.689999999999998,27,6,1.16,IN,1682106773
227,port alfred,-33.5906,26.891,16.210000000000036,82,100,0.07,ZA,1682106773
228,nagqu,31.5,92.0,-0.75,65,100,5.09,CN,1682106774
229,ubari,26.5921,12.7805,27.120000000000005,11,6,3.55,LY,1682106774
230,sainyabuli,19.25,101.75,23.08000000000004,65,100,0.52,LA,1682106775
231,chokwe,-24.5333,32.9833,21.480000000000018,86,100,4.03,MZ,1682106775
232,metlili chaamba,32.2667,3.6333,25.52000000000004,24,40,5.66,DZ,1682106776
233,shilin,24.8188,103.3324,16.590000000000032,43,0,3.23,CN,1682106776
234,tonghae,37.5439,129.1069,9.370000000000005,57,71,0.62,KR,1682106776
235,mabini,15.6,120.9833,24.53000000000003,85,91,1.26,PH,1682106777
236,kolosovka,56.4678,73.611,2.25,51,51,4.76,RU,1682106777
237,tadine,-21.55,167.8833,24.600000000000023,82,18,3.13,NC,1682106778
238,panama city beach,30.1766,-85.8055,27.07000000000005,74,40,7.2,US,1682106778
239,fonte boa,-2.4959,-66.2662,26.129999999999995,95,92,1.68,BR,1682106779
240,marialva,-23.485,-51.7917,24.260000000000048,71,0,3.06,BR,1682106779
241,fort-shevchenko,44.5086,50.263,13.28000000000003,73,100,2.98,KZ,1682106780
242,tura,25.5198,90.2201,22.680000000000007,70,100,1.67,IN,1682106780
243,manakara,-22.1333,48.0167,22.99000000000001,94,17,2.33,MG,1682106781
244,carnarvon,-24.8667,113.6333,22.27000000000004,45,0,4.8,AU,1682106781
245,encarnacion de diaz,21.5167,-102.2333,31.25,9,48,3.48,MX,1682106782
246,namibe,-15.1961,12.1522,25.700000000000045,76,100,7.07,AO,1682106782
247,hithadhoo,-0.6,73.0833,28.890000000000043,75,67,3.0,MV,1682106783
248,yigo village,13.5361,144.8886,26.620000000000005,83,75,5.66,GU,1682106783
249,armacao de buzios,-22.7469,-41.8817,27.03000000000003,72,0,4.01,BR,1682106784
250,mosjoen,65.836,13.1908,7.2900000000000205,76,75,4.63,NO,1682106720
251,puerto deseado,-47.7503,-65.8938,9.180000000000007,49,6,10.83,AR,1682106785
252,college,64.8569,-147.8028,3.830000000000041,63,75,0.45,US,1682106785
253,jalai nur,49.45,117.7,-4.389999999999986,32,0,2.96,CN,1682106786
254,corni,47.65,26.5833,11.840000000000032,71,20,2.57,RO,1682106787
255,necochea,-38.5473,-58.7368,20.230000000000018,40,100,6.28,AR,1682106788
256,sechura,-5.5569,-80.8222,28.340000000000032,67,98,3.48,PE,1682106788
257,saurimo,-9.6608,20.3916,19.310000000000002,94,100,1.14,AO,1682106789
258,serdar,38.9764,56.2757,22.32000000000005,13,67,6.37,TM,1682106790
259,kuchera,26.9839,73.9719,26.060000000000002,10,99,2.15,IN,1682106790
260,iskateley,67.6803,53.1512,-2.339999999999975,98,100,3.79,RU,1682106791
261,arkhangel'sk,64.5401,40.5433,1.0600000000000023,100,75,2.0,RU,1682106791
262,tezu,27.9167,96.1667,21.510000000000048,69,100,2.25,IN,1682106792
263,zhosaly,45.4878,64.0781,13.129999999999995,22,55,6.95,KZ,1682106792
264,spittal an der drau,46.8,13.5,7.930000000000007,95,27,0.39,AT,1682106793
265,rechka-vydrino,51.485,104.8461,-7.449999999999989,82,94,1.82,RU,1682106794
266,arraial do cabo,-22.9661,-42.0278,23.980000000000018,69,20,4.63,BR,1682106794
267,guli,28.8833,120.0333,13.870000000000005,83,70,1.45,CN,1682106795
268,al jaradiyah,16.5795,42.9124,31.720000000000027,51,33,1.99,SA,1682106795
269,gamboru,12.3707,14.2173,33.24000000000001,24,16,3.81,NG,1682106796
270,fort st. john,56.2499,-120.8529,6.939999999999998,36,20,6.17,CA,1682106796
271,prado,-17.3411,-39.2208,23.80000000000001,92,100,5.63,BR,1682106797
272,hobyo,5.3505,48.5268,28.870000000000005,72,100,6.44,SO,1682106798
273,port douglas,-16.4833,145.4667,24.450000000000045,81,50,6.68,AU,1682106798
274,roma,43.2128,-75.4557,28.260000000000048,38,0,5.66,US,1682106664
275,leck,54.7669,8.9785,11.010000000000048,62,0,5.89,DE,1682106799
276,mazara del vallo,37.6641,12.588,16.629999999999995,75,1,3.2,IT,1682106800
277,wankaner,22.6167,70.9333,26.710000000000036,62,70,5.91,IN,1682106800
278,impfondo,1.6381,18.0667,22.930000000000007,87,81,1.61,CG,1682106801
279,kapuskasing,49.4169,-82.4331,2.0500000000000114,100,100,4.12,CA,1682106802
280,hengchun,22.0042,120.7439,23.80000000000001,80,99,4.46,TW,1682106804
281,mwinilunga,-11.7358,24.4293,17.58000000000004,92,100,1.64,ZM,1682106805
282,crane,31.3974,-102.3501,24.310000000000002,9,0,6.28,US,1682106806
283,shizilu,35.1711,118.8289,10.810000000000002,28,100,5.42,CN,1682106806
284,mizdah,31.4451,12.9801,20.910000000000025,39,93,7.26,LY,1682106807
285,kolonia,50.9333,6.95,13.25,81,75,3.6,DE,1682106727
286,punta del este,-34.9667,-54.95,22.760000000000048,50,0,3.09,UY,1682106717
287,oranjemund,-28.55,16.4333,11.830000000000041,81,52,1.09,NA,1682106809
288,tralee,52.2704,-9.7026,8.020000000000039,94,64,1.9,IE,1682106810
289,noosa heads,-26.3833,153.15,19.629999999999995,77,88,9.91,AU,1682106728
290,fethiye,36.6217,29.1164,14.930000000000007,65,83,1.11,TR,1682106811
291,shubarkuduk,49.1447,56.4872,9.300000000000011,66,100,9.58,KZ,1682106811
292,gadzhiyevo,69.2551,33.3362,-2.3700000000000045,93,100,2.37,RU,1682106812
293,santa marta,11.2408,-74.199,31.03000000000003,72,40,5.14,CO,1682106813
294,luganville,-15.5333,167.1667,27.200000000000045,82,72,3.55,VU,1682106814
295,reggane,26.7158,0.1714,29.860000000000014,13,0,4.6,DZ,1682106814
296,puerto aysen,-45.4,-72.7,13.04000000000002,69,64,2.1,CL,1682106815
297,smithers,54.7804,-127.1743,8.180000000000007,49,75,3.6,CA,1682106815
298,newman,37.3138,-121.0208,24.470000000000027,42,15,3.13,US,1682106816
299,darhan,49.4867,105.9228,-2.7299999999999613,36,96,2.08,MN,1682106817
300,san fernando,15.0286,120.6898,27.850000000000023,86,98,1.77,PH,1682106817
301,atafu village,-8.5421,-172.5159,28.600000000000023,75,17,4.73,TK,1682106818
302,shindand,33.3029,62.1474,18.110000000000014,13,0,3.21,AF,1682106818
303,berdigestyakh,62.0989,126.6992,-11.409999999999968,99,93,1.28,RU,1682106819
304,rongelap,11.1635,166.8941,26.939999999999998,76,100,8.54,MH,1682106819
305,ust-tsilma,65.441,52.1498,0.5400000000000205,98,100,2.91,RU,1682106820
306,phalaborwa,-23.943,31.1411,21.600000000000023,79,98,4.21,ZA,1682106820
307,ellensburg,46.9965,-120.5479,12.700000000000045,58,0,6.69,US,1682106741
308,kimbe,-5.5502,150.1429,24.120000000000005,93,100,1.82,PG,1682106821
309,lubuklinggau,-3.3,102.8667,22.720000000000027,98,100,0.78,ID,1682106822
310,baykal'sk,51.5058,104.1469,-6.189999999999998,79,100,2.07,RU,1682106822
311,mersa matruh,31.3525,27.2453,17.110000000000014,72,0,3.09,EG,1682106824
312,lindale,32.5157,-95.4094,22.970000000000027,46,0,6.17,US,1682106824
313,mandalgovi,45.7625,106.2708,-2.6399999999999864,29,15,4.23,MN,1682106825
314,axim,4.8699,-2.2405,26.80000000000001,87,100,4.36,GH,1682106825
315,benguela,-12.5763,13.4055,26.03000000000003,81,100,1.63,AO,1682106826
316,kegen,43.0197,79.2203,1.1400000000000432,69,100,1.78,KZ,1682106826
317,yuncheng,35.0231,110.9928,2.330000000000041,100,100,1.36,CN,1682106827
318,emerald,-23.5333,148.1667,16.30000000000001,74,0,6.15,AU,1682106827
319,east porterville,36.0574,-118.9757,24.79000000000002,35,0,3.09,US,1682106828
320,bargaal,11.2864,51.0773,27.629999999999995,74,94,2.68,SO,1682106828
321,lesogorsk,56.0458,99.5136,-2.8899999999999864,97,99,2.17,RU,1682106829
322,idri,27.5,13.2667,27.470000000000027,11,0,4.01,LY,1682106829
323,volchikha,52.0333,80.3833,-4.729999999999961,86,8,2.78,RU,1682106830
324,diego de almagro,-26.3667,-70.05,23.78000000000003,25,100,5.63,CL,1682106830
325,mogocha,53.7333,119.7667,-8.819999999999993,91,100,1.68,RU,1682106831
326,harstad,68.799,16.5293,1.0,99,100,7.6,NO,1682106833
327,truth or consequences,33.1284,-107.2528,21.620000000000005,9,0,1.54,US,1682106833
328,coos bay,43.3665,-124.2179,13.879999999999995,94,100,3.09,US,1682106628
329,fernandopolis,-20.2839,-50.2464,22.07000000000005,67,0,2.2,BR,1682106834
330,new norfolk,-42.7826,147.0587,14.720000000000027,76,100,1.34,AU,1682106834
331,colonia,50.9333,6.95,13.25,81,75,3.6,DE,1682106727
332,khanpur mahar,27.8436,69.4137,27.890000000000043,8,0,1.25,PK,1682106835
333,kokopo,-4.352,152.2633,25.129999999999995,86,33,3.03,PG,1682106836
334,ust-nera,64.5667,143.2,-6.75,96,100,2.03,RU,1682106837
335,port lincoln,-34.7333,135.8667,16.0,83,0,2.72,AU,1682106837
336,nguigmi,14.2495,13.1092,31.80000000000001,20,11,2.99,NE,1682106838
337,jirja,26.3383,31.8916,25.120000000000005,14,0,4.12,EG,1682106838
338,oroqen zizhiqi,50.5667,123.7167,-6.96999999999997,87,33,2.11,CN,1682106839
339,yemetsk,63.4721,41.7941,0.8700000000000045,100,100,0.91,RU,1682106839
340,bojano,41.4857,14.4729,13.010000000000048,80,84,1.44,IT,1682106840
341,martin,27.0837,-80.4164,28.879999999999995,68,54,4.82,US,1682106840
342,pisco,-13.7,-76.2167,25.03000000000003,69,0,4.12,PE,1682106841
343,al jahra',29.3375,47.6581,28.83000000000004,29,100,4.28,KW,1682106841
344,kavieng,-2.5744,150.7967,27.920000000000016,78,46,5.4,PG,1682106842
345,san jose del guaviare,2.5729,-72.6459,23.27000000000004,95,100,2.74,CO,1682106842
346,troitskoye,52.9821,84.6757,-5.0,77,94,2.55,RU,1682106843
347,broken hill,-31.95,141.4333,12.450000000000045,74,0,3.95,AU,1682106843
348,tual,-5.6667,132.75,28.30000000000001,77,100,5.84,ID,1682106844
349,wotho,10.1657,166.0102,26.54000000000002,83,100,8.44,MH,1682106845
350,saint joseph,39.7686,-94.8466,12.920000000000016,44,75,8.75,US,1682106836
351,loch garman,52.3342,-6.4575,10.120000000000005,92,11,4.47,IE,1682106846
352,vung tau,10.346,107.0843,28.379999999999995,81,98,3.91,VN,1682106846
353,puerto baquerizo moreno,-0.9,-89.6,30.55000000000001,70,40,5.14,EC,1682106847
354,egilsstadir,65.2653,-14.3948,0.9500000000000455,75,75,8.23,IS,1682106848
355,freetown,8.484,-13.2299,27.840000000000032,78,75,4.12,SL,1682106849
356,pacific grove,36.6177,-121.9166,25.75,59,0,2.57,US,1682106849
357,chenaran,36.6455,59.1212,16.28000000000003,22,7,2.58,IR,1682106850
358,hassi messaoud,31.6804,6.0729,25.920000000000016,38,1,4.12,DZ,1682106850
359,robore,-18.3333,-59.75,29.05000000000001,61,0,0.0,BO,1682106851
360,chilliwack,49.1747,-121.9443,11.550000000000011,71,100,1.54,CA,1682106816
361,santana,-0.0583,-51.1817,29.100000000000023,79,75,4.12,BR,1682106852
362,mount isa,-20.7333,139.5,20.870000000000005,43,0,4.12,AU,1682106698
363,ji'an,27.1172,114.9793,21.730000000000018,92,100,2.21,CN,1682106854
364,heroica guaymas,27.9333,-110.9,36.05000000000001,28,0,5.99,MX,1682106854
365,nizao,18.25,-70.2,30.200000000000045,61,8,4.86,DO,1682106855
366,severo-yeniseyskiy,60.3725,93.0408,-14.769999999999982,99,87,1.67,RU,1682106856
367,cabo san lucas,22.8909,-109.9124,32.879999999999995,47,100,3.78,MX,1682106761
368,kidal,18.4411,1.4078,32.200000000000045,12,20,5.47,ML,1682106857
369,shagonar,51.5333,92.8,-2.829999999999984,66,16,0.25,RU,1682106857
370,al bawiti,28.3492,28.8659,20.150000000000034,27,100,4.12,EG,1682106858
371,raduzhnyy,62.0961,77.475,0.5100000000000477,97,100,3.16,RU,1682106858
372,chistopol',55.3631,50.6424,10.650000000000034,59,100,2.81,RU,1682106859
373,jayapura,-2.5333,140.7,25.660000000000025,90,99,1.76,ID,1682106859
374,de aar,-30.6497,24.0123,11.730000000000018,26,99,1.88,ZA,1682106860
375,sananduva,-27.9497,-51.8067,20.27000000000004,53,0,1.77,BR,1682106861
376,madang,-5.2246,145.7966,24.80000000000001,92,71,1.32,PG,1682106861
377,homestead meadows north,31.8496,-106.1729,22.54000000000002,7,0,3.09,US,1682106862
378,acajutla,13.5928,-89.8275,30.120000000000005,66,81,4.89,SV,1682106862
379,yuzhno-kurilsk,44.0306,145.8556,1.5600000000000023,94,81,12.69,RU,1682106863
380,el calafate,-50.3408,-72.2768,6.890000000000043,53,60,4.61,AR,1682106863
381,kayangel,8.0823,134.7173,27.970000000000027,77,100,5.3,PW,1682106864
382,alta,69.9689,23.2717,-1.4099999999999682,85,100,4.12,NO,1682106864
383,nouadhibou,20.931,-17.0347,20.99000000000001,73,100,6.69,MR,1682106865
384,ambon,-3.6954,128.1814,25.08000000000004,94,40,2.06,ID,1682106865
385,flying fish cove,-10.4217,105.6791,27.310000000000002,76,100,6.84,CX,1682106866
386,nemuro,43.3236,145.575,3.3799999999999955,68,21,7.24,JP,1682106867
387,mugia,43.1041,-9.2179,13.28000000000003,81,0,6.09,ES,1682106868
388,nikolayevsk-on-amure,53.1406,140.73,-1.5600000000000023,97,100,2.2,RU,1682106869
389,nar'yan-mar,67.6713,53.087,-2.2799999999999727,98,100,3.87,RU,1682106869
390,kupang,-10.1667,123.5833,23.960000000000036,87,86,3.77,ID,1682106870
391,hazard,37.2495,-83.1932,26.83000000000004,44,100,4.28,US,1682106871
392,san pedro pochutla,15.7333,-96.4667,33.170000000000016,50,99,5.68,MX,1682106872
393,vila franca do campo,37.7167,-25.4333,16.230000000000018,88,93,6.83,PT,1682106873
394,meiganga,6.5167,14.3,19.670000000000016,93,95,0.76,CM,1682106874
395,polyarnyy,69.1989,33.4478,-2.0299999999999727,93,100,2.34,RU,1682106874
396,igarka,67.4667,86.5833,-5.099999999999966,90,100,5.97,RU,1682106874
397,shenjiamen,29.9576,122.298,12.730000000000018,75,3,5.6,CN,1682106876
398,omdurman,15.6445,32.4777,33.29000000000002,11,0,4.16,SD,1682106876
399,ruwa,-17.8972,31.2371,16.960000000000036,62,86,1.53,ZW,1682106877
400,grand falls-windsor,48.9332,-55.6649,2.5,88,100,2.24,CA,1682106877
401,shimoda,34.6667,138.95,15.610000000000014,81,100,8.01,JP,1682106878
402,enewetak,11.3474,162.3373,26.110000000000014,83,100,7.38,MH,1682106879
403,i-n-salah,27.1935,2.4607,29.650000000000034,12,4,5.43,DZ,1682106879
404,atherton,53.5237,-2.4935,10.5,84,100,1.79,GB,1682106880
405,ouadda,8.0777,22.4007,26.010000000000048,55,95,2.16,CF,1682106880
406,juan griego,11.0817,-63.9655,30.07000000000005,66,89,8.75,VE,1682106881
407,lakhdenpokh'ya,61.5198,30.1992,6.430000000000007,78,100,1.61,RU,1682106881
408,beatrice,40.2681,-96.747,11.210000000000036,37,100,6.17,US,1682106882
409,beaconsfield,45.4334,-73.8659,18.970000000000027,46,75,6.17,CA,1682106588
410,ponta delgada,37.7333,-25.6667,16.400000000000034,82,40,8.23,PT,1682106883
411,sompeta,18.9333,84.6,27.430000000000007,58,3,4.26,IN,1682106883
412,bonthe,7.5264,-12.505,27.410000000000025,74,100,4.94,SL,1682106884
413,okoneshnikovo,54.8377,75.0834,2.180000000000007,58,3,5.29,RU,1682106884
414,mandera,3.9366,41.867,32.23000000000002,48,83,2.42,KE,1682106885
415,songea,-10.6833,35.65,19.640000000000043,94,20,0.0,TZ,1682106885
416,monmouth,40.3001,-74.1663,22.80000000000001,77,100,5.14,US,1682106886
417,las khorey,11.1595,48.1967,29.200000000000045,70,50,4.0,SO,1682106886
418,zaozersk,69.4005,32.4476,-2.9699999999999704,95,100,2.14,RU,1682106887
419,webuye,0.6075,34.7697,17.680000000000007,89,97,0.88,KE,1682106887
420,camacupa,-12.0167,17.4833,17.33000000000004,90,100,1.1,AO,1682106888
421,tyukhtet,56.5389,89.3011,-2.599999999999966,95,85,2.58,RU,1682106889
422,pitimbu,-7.4706,-34.8086,30.33000000000004,75,100,4.68,BR,1682106889
423,glencoe,-28.1783,30.147,10.75,91,77,1.31,ZA,1682106781
424,hampton bays,40.869,-72.5176,17.08000000000004,77,0,5.14,US,1682106628
425,tobruk,32.0836,23.9764,18.49000000000001,61,99,8.0,LY,1682106892
426,khanbari,27.3747,87.2039,18.460000000000036,56,67,1.12,NP,1682106892
427,boke,10.9409,-14.2967,26.689999999999998,66,100,2.73,GN,1682106893
428,bakhmach,51.1808,32.7569,8.379999999999995,81,100,1.07,UA,1682106894
429,arenapolis,-14.4503,-56.8461,27.170000000000016,69,39,2.21,BR,1682106894
430,diu,20.7141,70.9822,25.410000000000025,81,0,5.85,IN,1682106895
431,boda,4.3189,17.4695,22.77000000000004,89,100,1.46,CF,1682106896
432,tocopilla,-22.092,-70.1979,22.220000000000027,65,18,3.13,CL,1682106897
433,porto novo,6.4965,2.6036,28.900000000000034,78,100,4.56,BJ,1682106897
434,pass christian,30.3158,-89.2475,23.350000000000023,75,100,5.66,US,1682106898
435,murzuq,25.9155,13.9184,29.350000000000023,13,86,4.3,LY,1682106898
436,buala,-8.145,159.5921,26.80000000000001,79,19,2.52,SB,1682106899
437,cruzeiro do sul,-29.5128,-51.9853,27.49000000000001,46,1,1.71,BR,1682106899
438,el hadjira,32.6134,5.5126,24.590000000000032,32,0,7.04,DZ,1682106900
439,portland,45.5234,-122.6762,15.310000000000002,65,100,3.13,US,1682106697
440,vilyuysk,63.7553,121.6247,-6.979999999999961,97,100,1.46,RU,1682106901
441,boa vista,2.8197,-60.6733,29.99000000000001,66,75,4.63,BR,1682106386
442,kas,36.2018,29.6377,16.53000000000003,64,62,2.86,TR,1682106902
443,valognes,49.5088,-1.4705,6.660000000000025,93,4,3.6,FR,1682106903
444,corner brook,48.9667,-57.9484,5.090000000000032,79,93,4.33,CA,1682106904
445,zhangatas,43.5667,69.75,5.890000000000043,32,6,7.39,KZ,1682106904
446,codajas,-3.8367,-62.0569,28.640000000000043,86,95,0.11,BR,1682106905
447,sinabang,2.4803,96.3801,26.879999999999995,81,4,0.78,ID,1682106905
448,ylitornio,66.3089,23.6773,2.160000000000025,100,100,3.34,FI,1682106906
449,beichengqu,40.4394,113.1536,3.7000000000000455,82,100,1.26,CN,1682106907
450,manicore,-5.8092,-61.3003,31.970000000000027,62,0,2.57,BR,1682106907
451,haifa,32.8156,34.9892,16.78000000000003,67,99,3.91,IL,1682106908
452,geraldton,-28.7667,114.6,15.230000000000018,58,100,3.6,AU,1682106908
453,whistler,50.1164,-122.9695,6.660000000000025,81,97,1.62,CA,1682106657
454,san juan del sur,11.2529,-85.8705,31.120000000000005,51,75,2.06,NI,1682106909
455,hayden,47.766,-116.7866,7.78000000000003,73,100,4.63,US,1682106671
456,luderitz,-26.6481,15.1594,15.360000000000014,63,9,3.09,NA,1682106910
457,san luis de la loma,17.2706,-100.8939,30.710000000000036,51,14,5.62,MX,1682106911
458,mamuju,-2.6748,118.8885,25.79000000000002,83,68,1.97,ID,1682106911
459,karratha,-20.7377,116.8463,24.210000000000036,45,100,4.62,AU,1682106912
460,abepura,-2.6333,140.5833,25.450000000000045,89,40,0.0,ID,1682106913
461,yuli,9.6989,10.2744,31.939999999999998,44,100,4.33,NG,1682106914
462,clane,53.2914,-6.6892,11.150000000000034,77,75,7.2,IE,1682106914
463,dryden,49.7833,-92.7503,-0.839999999999975,80,100,7.72,CA,1682106915
464,hami,42.8,93.45,12.710000000000036,12,100,0.28,CN,1682106916
465,prince rupert,54.3161,-130.3201,11.050000000000011,47,0,2.57,CA,1682106916
466,paramonga,-10.6667,-77.8333,25.58000000000004,74,56,4.96,PE,1682106917
467,bereznik,62.8551,42.7072,1.4300000000000068,100,100,0.9,RU,1682106917
468,zalingei,12.9096,23.4741,29.410000000000025,10,1,3.04,SD,1682106918
469,cidreira,-30.1811,-50.2056,20.80000000000001,67,6,4.92,BR,1682106919
470,rumoi,43.9344,141.6428,4.230000000000018,69,59,7.14,JP,1682106920
471,la passe,45.5549,-0.8967,16.129999999999995,75,100,5.74,FR,1682106921
472,tevriz,57.509,72.4042,2.4600000000000364,86,100,2.15,RU,1682106922
473,salinas,36.6777,-121.6555,26.660000000000025,46,0,2.68,US,1682106922
474,jamestown,42.097,-79.2353,26.400000000000034,61,75,7.72,US,1682106827
475,nuuk,64.1835,-51.7216,0.34000000000003183,86,75,2.06,GL,1682106923
476,dingcheng,32.1272,115.0394,11.79000000000002,36,100,8.74,CN,1682106924
477,sarupathar,26.1984,93.8094,23.379999999999995,70,100,0.68,IN,1682106925
478,zhaqsy,51.9083,67.3133,3.8600000000000136,79,81,3.77,KZ,1682106926
479,bagayevskaya,47.32,40.38,11.620000000000005,93,79,5.36,RU,1682106926
480,tejen,37.3834,60.5054,20.33000000000004,11,0,5.76,TM,1682106927
481,umluj,25.0213,37.2685,27.07000000000005,51,2,2.49,SA,1682106927
482,villa de soto,-30.8552,-64.9995,24.110000000000014,37,100,5.84,AR,1682106928
483,zaraysk,54.7653,38.8836,8.370000000000005,66,99,6.01,RU,1682106928
484,manismata,-2.4667,111.0333,24.060000000000002,95,48,1.01,ID,1682106929
485,lethem,3.3803,-59.7968,31.420000000000016,59,99,2.46,GY,1682106930
486,lamarque,-39.423,-65.7021,23.920000000000016,27,64,7.7,AR,1682106931
487,wenshui,28.4506,106.5267,17.610000000000014,96,100,0.77,CN,1682106931
488,fereydun kenar,36.6864,52.5225,20.120000000000005,77,0,0.0,IR,1682106932
489,zakynthos,37.7914,20.8953,13.620000000000005,88,20,0.0,GR,1682106932
490,alappuzha,9.49,76.3264,28.430000000000007,78,79,2.85,IN,1682106789
491,okhotsk,59.3833,143.3,-2.8999999999999773,87,96,3.32,RU,1682106933
492,klyuchi,52.2667,79.1667,-1.599999999999966,74,7,1.54,RU,1682106934
493,shimonoseki,33.95,130.95,14.600000000000023,51,0,9.77,JP,1682106934
494,sidi moussa,36.6064,3.0878,16.82000000000005,82,20,2.06,DZ,1682106935
495,umm kaddadah,13.6017,26.6876,29.850000000000023,10,0,5.66,SD,1682106936
496,leones,-32.6617,-62.2968,22.75,31,100,3.56,AR,1682106936
497,cascais,38.6979,-9.4215,15.700000000000045,87,20,7.6,PT,1682106937
498,viana do castelo,41.6932,-8.8329,12.260000000000048,85,29,1.48,PT,1682106744
499,aktobe,50.2797,57.2072,11.050000000000011,46,0,7.0,KZ,1682106938
500,melekeok village,7.4957,134.6367,24.310000000000002,100,75,0.0,PW,1682106938
501,jiuquan,39.7432,98.5174,2.7000000000000455,80,87,1.85,CN,1682106939
502,anchau,10.9597,8.3916,28.450000000000045,35,73,2.44,NG,1682106939
503,andergrove,-21.0833,149.1833,22.83000000000004,81,50,8.22,AU,1682106940
504,tazacorte,28.629,-17.9293,20.54000000000002,92,20,2.57,ES,1682106940
505,lorengau,-2.0226,147.2712,26.77000000000004,79,45,1.2,PG,1682106941
506,sabang,5.8933,95.3214,28.670000000000016,73,49,0.29,ID,1682106942
507,ketchikan,55.3422,-131.6461,11.260000000000048,58,75,6.17,US,1682106942
508,leava,-14.3,-178.1667,28.05000000000001,76,22,6.59,WF,1682106943
509,huaidian,33.4333,115.0333,11.220000000000027,29,100,5.84,CN,1682106943
510,ksar el kebir,35.0017,-5.9053,13.480000000000018,88,100,1.86,MA,1682106944
511,queenstown,-31.8976,26.8753,6.800000000000011,68,70,2.67,ZA,1682106944
512,tamanrasset,22.785,5.5228,24.950000000000045,11,96,5.66,DZ,1682106945
513,puerto lempira,15.2667,-83.7667,30.08000000000004,59,79,5.84,HN,1682106946
514,san martin de los andes,-40.1604,-71.3486,14.25,71,100,2.24,AR,1682106946
515,rio verde,21.9333,-99.9833,36.23000000000002,16,86,5.38,MX,1682106947
516,praia,14.9215,-23.5087,23.30000000000001,73,40,8.23,CV,1682106947
517,south hedland,-20.4089,118.5983,21.960000000000036,46,99,4.12,AU,1682106948
518,sungai raya,0.7,108.9,25.460000000000036,87,78,1.4,ID,1682106948
519,fada,9.5667,8.3,22.08000000000004,78,100,1.01,NG,1682106949
520,manuguru,17.981,80.7547,29.230000000000018,60,1,2.66,IN,1682106949
521,kisangani,0.5167,25.2,21.840000000000032,97,100,1.07,CD,1682106950
522,eyl,7.9803,49.8164,28.28000000000003,73,86,6.02,SO,1682106950
523,massawa,15.6097,39.45,28.970000000000027,76,12,2.36,ER,1682106951
524,katsuura,35.1333,140.3,14.200000000000045,65,100,9.38,JP,1682106951
525,suva,-18.1416,178.4415,24.710000000000036,88,40,1.03,FJ,1682106952
526,santa maria del oro,25.9333,-105.3667,27.350000000000023,8,53,2.39,MX,1682106952
527,huesca,42.1362,-0.4087,16.379999999999995,63,0,7.72,ES,1682106953
528,saint-louis,16.3333,-15.0,32.80000000000001,18,100,7.77,SN,1682106953
529,touros,-5.1989,-35.4608,26.980000000000018,74,94,4.38,BR,1682106954
530,puerto ayacucho,5.6639,-67.6236,31.840000000000032,58,99,1.93,VE,1682106955
531,waingapu,-9.6567,120.2641,24.760000000000048,86,78,3.31,ID,1682106955
532,raymondville,26.4815,-97.7831,33.94,36,21,4.15,US,1682106956
533,xinzhou,38.4092,112.7333,2.0600000000000023,99,100,0.99,CN,1682106956
534,aykhal,66.0,111.5,-15.870000000000005,100,100,2.04,RU,1682106956
535,nadi,-17.8,177.4167,25.0,78,40,0.0,FJ,1682106957
536,darab,28.7519,54.5444,20.370000000000005,43,18,2.35,IR,1682106958
537,minas de marcona,-15.2119,-75.1103,20.640000000000043,66,25,6.27,PE,1682106958
538,bure,10.7,37.0667,21.180000000000007,17,78,4.48,ET,1682106958
539,huarmey,-10.0681,-78.1522,26.310000000000002,74,51,4.57,PE,1682106959
540,shingu,33.7333,135.9833,11.090000000000032,61,96,4.02,JP,1682106959
541,la carlota,10.4233,122.9208,26.260000000000048,82,51,1.21,PH,1682106960
542,sinop,41.7711,34.8709,7.25,94,100,0.72,TR,1682106961
543,baijiantan,45.6333,85.1833,9.82000000000005,31,99,3.35,CN,1682106962
544,tallulah,32.4085,-91.1868,23.03000000000003,68,100,5.08,US,1682106962
545,ahus,55.9167,14.2833,8.010000000000048,60,8,1.03,SE,1682106963
546,hafar al-batin,28.4328,45.9708,28.32000000000005,44,75,2.06,SA,1682106964
547,alaghsas,17.0187,8.0168,32.950000000000045,10,0,3.81,NE,1682106965
548,port-vila,-17.7338,168.3219,21.78000000000003,94,20,0.0,VU,1682106966
549,indramayu,-6.3264,108.32,26.439999999999998,83,83,3.02,ID,1682106967
550,wellington,-41.2866,174.7756,16.150000000000034,97,100,1.03,NZ,1682106967
551,puerto carreno,6.189,-67.4859,26.99000000000001,94,40,3.09,CO,1682106968
552,codrington,-38.2667,141.9667,15.310000000000002,73,100,2.27,AU,1682106968
553,abomey,7.1829,1.9912,26.180000000000007,77,69,2.23,BJ,1682106969
554,kuqa,41.7278,82.9364,12.760000000000048,30,95,0.78,CN,1682106969
555,grand gaube,-20.0064,57.6608,26.220000000000027,79,5,1.79,MU,1682106970
556,puerto leguizamo,-0.1934,-74.7819,22.939999999999998,96,100,1.71,CO,1682106970
557,kirakira,-10.4544,161.9205,26.710000000000036,83,15,2.3,SB,1682106971
558,la ronge,55.1001,-105.2842,6.1200000000000045,26,100,3.6,CA,1682106971
559,vanino,49.0869,140.2543,1.2900000000000205,69,100,4.6,RU,1682106972
560,harnosand,62.6323,17.9379,11.010000000000048,97,66,2.67,SE,1682106973
561,lastoursville,-0.8143,12.7287,24.180000000000007,87,100,0.81,GA,1682106973
562,tynda,55.1667,124.7167,-9.729999999999961,91,100,1.88,RU,1682106974
563,tres arroyos,-38.3739,-60.2798,19.220000000000027,38,100,5.65,AR,1682106847
564,beau vallon,-20.4189,57.6953,26.129999999999995,83,40,1.54,MU,1682106975
565,ciudad lazaro cardenas,17.9583,-102.2,28.980000000000018,59,48,5.81,MX,1682106975
566,huaraz,-9.5333,-77.5333,14.730000000000018,82,96,3.11,PE,1682106976
567,ratoath,53.5081,-6.4625,11.010000000000048,82,75,7.2,IE,1682106977
568,dexter,36.7959,-89.9579,18.970000000000027,42,22,3.67,US,1682106977
569,tupi,6.3167,124.95,22.840000000000032,91,99,0.3,PH,1682106978
570,esperantinopolis,-4.8667,-44.7083,27.439999999999998,84,100,0.48,BR,1682106978
571,coquimbo,-29.9533,-71.3436,21.850000000000023,56,0,1.54,CL,1682106979
572,itoman,26.1247,127.6694,22.010000000000048,83,100,9.26,JP,1682106980
573,le port,-20.9373,55.2919,26.0,95,6,3.61,RE,1682106981
574,roses,42.262,3.1769,17.28000000000003,74,29,4.02,ES,1682106981
